{
  "NAIVE": {
    "upload_latency": [
      0.1527111530303955,
      0.16077566146850586,
      0.16132378578186035,
      0.17850303649902344,
      0.13481497764587402,
      0.14790606498718262,
      0.14413118362426758,
      0.1685495376586914,
      0.14248251914978027,
      0.15790748596191406,
      0.16959190368652344,
      0.1624011993408203,
      0.14872241020202637,
      0.15083599090576172,
      0.11691999435424805,
      0.13136696815490723,
      0.1727917194366455,
      0.2622406482696533,
      0.22284483909606934,
      0.14916563034057617
    ],
    "search_latency": [
      0.3898744583129883,
      0.39009761810302734,
      0.39024996757507324,
      0.39134788513183594,
      0.3944520950317383,
      0.3950028419494629,
      0.3950388431549072,
      0.39524078369140625,
      0.3966825008392334,
      0.39831972122192383,
      0.3984034061431885,
      0.39900803565979004,
      0.3997657299041748,
      0.39995360374450684,
      0.40137696266174316,
      0.40596795082092285,
      0.40767526626586914,
      0.41262292861938477,
      0.4140138626098633,
      0.4145994186401367,
      0.4149515628814697,
      0.41536641120910645,
      0.4178154468536377,
      0.42019033432006836,
      0.42178821563720703,
      0.42739367485046387,
      0.427764892578125,
      0.4373483657836914,
      0.43959617614746094,
      0.44052767753601074,
      0.44074368476867676,
      0.4419286251068115,
      0.4450092315673828,
      0.44551968574523926,
      0.4462625980377197,
      0.45371079444885254,
      0.4563875198364258,
      0.4565587043762207,
      0.4574849605560303,
      0.4613637924194336,
      0.475693941116333,
      0.4926109313964844,
      0.49520373344421387,
      0.4960291385650635,
      0.5077669620513916,
      0.5316896438598633,
      0.5415313243865967,
      0.5517170429229736,
      0.566063404083252,
      0.5972776412963867
    ],
    "metrics": {
      "storage_loads": [
        0,
        5,
        1,
        3,
        2,
        1,
        1,
        3,
        2,
        2
      ],
      "load_variance": 2,
      "gini_coefficient": 0.36,
      "total_files": 100
    }
  },
  "METADATA": {
    "upload_latency": [
      0.3193213939666748,
      0.21326065063476562,
      0.23668622970581055,
      0.1904315948486328,
      0.19153666496276855,
      0.20206475257873535,
      0.2740895748138428,
      0.24421072006225586,
      0.15533947944641113,
      0.2047417163848877,
      0.23226690292358398,
      0.21592259407043457,
      0.19565558433532715,
      0.2018282413482666,
      0.20025038719177246,
      0.21425366401672363,
      0.20018577575683594,
      0.18585824966430664,
      0.16000938415527344,
      0.2169492244720459
    ],
    "search_latency": [
      0.024540185928344727,
      0.02499866485595703,
      0.02599620819091797,
      0.02700972557067871,
      0.027997493743896484,
      0.02852630615234375,
      0.028757810592651367,
      0.030107736587524414,
      0.030726909637451172,
      0.03181052207946777,
      0.03205251693725586,
      0.03499126434326172,
      0.03499937057495117,
      0.03555107116699219,
      0.03599810600280762,
      0.03699970245361328,
      0.03700065612792969,
      0.03900265693664551,
      0.0393223762512207,
      0.03953361511230469,
      0.03953719139099121,
      0.03964948654174805,
      0.04009056091308594,
      0.04017281532287598,
      0.04128456115722656,
      0.041635751724243164,
      0.04233980178833008,
      0.04253387451171875,
      0.04362058639526367,
      0.04378485679626465,
      0.04526972770690918,
      0.046460866928100586,
      0.04797673225402832,
      0.04885554313659668,
      0.049485206604003906,
      0.049996137619018555,
      0.05040407180786133,
      0.052552223205566406,
      0.053742170333862305,
      0.05399489402770996,
      0.05700111389160156,
      0.058302879333496094,
      0.059323787689208984,
      0.059523820877075195,
      0.05968046188354492,
      0.06244921684265137,
      0.0731210708618164,
      0.08241081237792969,
      0.08345150947570801,
      0.08942770957946777
    ],
    "metrics": {
      "storage_loads": [
        5,
        8,
        6,
        5,
        7,
        2,
        8,
        5,
        6,
        6
      ],
      "load_variance": 3.066666666666667,
      "gini_coefficient": 0.15172413793103448,
      "total_files": 138
    }
  },
  "SEMANTIC": {
    "upload_latency": [
      0.17790007591247559,
      0.10166358947753906,
      0.07712244987487793,
      0.08702683448791504,
      0.12578964233398438,
      0.11194181442260742,
      0.11637449264526367,
      0.10027265548706055,
      0.14650821685791016,
      0.13762283325195312,
      0.11988043785095215,
      0.12271475791931152,
      0.10755133628845215,
      0.14351296424865723,
      0.10148024559020996,
      0.11379051208496094,
      0.10712671279907227,
      0.12302899360656738,
      0.13021564483642578,
      0.11583328247070312
    ],
    "search_latency": [
      0.059540748596191406,
      0.06107807159423828,
      0.06384396553039551,
      0.06529927253723145,
      0.07065391540527344,
      0.0761873722076416,
      0.08625578880310059,
      0.08999824523925781,
      0.09320330619812012,
      0.09557247161865234,
      0.09666204452514648,
      0.09817123413085938,
      0.10126185417175293,
      0.10536813735961914,
      0.10608792304992676,
      0.10710453987121582,
      0.10808134078979492,
      0.10855531692504883,
      0.10994577407836914,
      0.11214804649353027,
      0.11303853988647461,
      0.1168525218963623,
      0.11928105354309082,
      0.12087821960449219,
      0.12350177764892578,
      0.12395143508911133,
      0.12415504455566406,
      0.12599515914916992,
      0.12966299057006836,
      0.13110637664794922,
      0.13167357444763184,
      0.1332697868347168,
      0.13504552841186523,
      0.1358504295349121,
      0.13873004913330078,
      0.1396944522857666,
      0.13994193077087402,
      0.14029216766357422,
      0.1429452896118164,
      0.14339399337768555,
      0.1443343162536621,
      0.15042614936828613,
      0.1516265869140625,
      0.15212798118591309,
      0.1576848030090332,
      0.15769433975219727,
      0.1581556797027588,
      0.15876078605651855,
      0.16167330741882324,
      0.17032480239868164
    ],
    "metrics": {
      "storage_loads": [
        0,
        0,
        9,
        11,
        0,
        0,
        0,
        0,
        0,
        0
      ],
      "load_variance": 18,
      "gini_coefficient": 0.81,
      "total_files": 60
    }
  }
}