{
  "NAIVE": {
    "upload_latency": [
      0.13144516944885254,
      0.08641910552978516,
      0.06879210472106934,
      6.648846864700317,
      3.346907138824463,
      0.07521247863769531,
      0.05659961700439453,
      0.056581735610961914,
      0.07640361785888672,
      0.05812978744506836,
      0.04308438301086426,
      0.06186699867248535,
      0.05582118034362793,
      0.04540300369262695,
      0.06287026405334473,
      0.0464015007019043,
      0.0697793960571289,
      0.047533512115478516,
      0.04501843452453613,
      0.05786728858947754
    ],
    "search_latency": [
      0.061100006103515625,
      0.061794281005859375,
      0.062419891357421875,
      0.06332755088806152,
      0.06542444229125977,
      0.06581306457519531,
      0.0688469409942627,
      0.08712458610534668,
      0.09078502655029297,
      0.09089255332946777,
      0.11010479927062988,
      0.11250996589660645,
      0.11319923400878906,
      0.11339902877807617,
      0.11344695091247559,
      0.11364078521728516,
      0.11464953422546387,
      0.11497044563293457,
      0.11611437797546387,
      0.1166539192199707,
      0.11780500411987305,
      0.1212167739868164,
      0.1234276294708252,
      0.1241602897644043,
      0.1262528896331787,
      0.12814712524414062,
      0.13039541244506836,
      0.13074731826782227,
      0.13215994834899902,
      0.13277697563171387,
      0.13287043571472168,
      0.1342167854309082,
      0.13483548164367676,
      0.13621973991394043,
      0.13657879829406738,
      0.13786911964416504,
      0.13898324966430664,
      0.13930583000183105,
      0.14138197898864746,
      0.14143848419189453,
      0.1414954662322998,
      0.14156532287597656,
      0.14186835289001465,
      0.1421067714691162,
      0.14269518852233887,
      0.1429917812347412,
      0.1435379981994629,
      0.14409828186035156,
      0.1453101634979248,
      0.15076208114624023
    ],
    "metrics": {
      "storage_loads": [
        20,
        20,
        21,
        0,
        0,
        0,
        0,
        1,
        0,
        0
      ],
      "load_variance": 95.28888888888889,
      "gini_coefficient": 0.6967741935483871,
      "total_files": 143,
      "throughput": 8.426817550281893
    }
  },
  "METADATA": {
    "upload_latency": [
      0.05222463607788086,
      0.0428614616394043,
      0.05828499794006348,
      0.09250545501708984,
      0.09154367446899414,
      0.09847903251647949,
      0.08221101760864258,
      0.09294295310974121,
      0.07013249397277832,
      0.10451722145080566,
      0.0635075569152832,
      0.06342840194702148,
      0.048348426818847656,
      0.09325790405273438,
      0.09125328063964844,
      0.0964515209197998,
      0.10390138626098633,
      0.07138609886169434,
      0.10456967353820801,
      0.10814094543457031
    ],
    "search_latency": [
      0.011753559112548828,
      0.013052701950073242,
      0.013278484344482422,
      0.013878822326660156,
      0.014136075973510742,
      0.014465570449829102,
      0.014632701873779297,
      0.014660120010375977,
      0.015790462493896484,
      0.015804290771484375,
      0.01708054542541504,
      0.01822066307067871,
      0.018411636352539062,
      0.019170045852661133,
      0.019733667373657227,
      0.020507097244262695,
      0.0221102237701416,
      0.02313685417175293,
      0.02448129653930664,
      0.02591419219970703,
      0.028406620025634766,
      0.028713464736938477,
      0.029063701629638672,
      0.029424190521240234,
      0.03023052215576172,
      0.030272960662841797,
      0.030545473098754883,
      0.03184962272644043,
      0.03209328651428223,
      0.03218579292297363,
      0.0324246883392334,
      0.033286094665527344,
      0.033510684967041016,
      0.03385353088378906,
      0.0366816520690918,
      0.038426876068115234,
      0.03899645805358887,
      0.04013419151306152,
      0.040372371673583984,
      0.043042659759521484,
      0.04437851905822754,
      0.04601693153381348,
      0.04928255081176758,
      0.061380863189697266,
      0.06351351737976074,
      0.07538342475891113,
      0.08337187767028809,
      0.08688712120056152,
      0.08782410621643066,
      0.09239625930786133
    ],
    "metrics": {
      "storage_loads": [
        20,
        20,
        21,
        6,
        12,
        3,
        4,
        4,
        4,
        2
      ],
      "load_variance": 62.266666666666666,
      "gini_coefficient": 0.4125,
      "total_files": 178,
      "throughput": 29.168652133190797
    }
  },
  "SEMANTIC": {
    "upload_latency": [
      0.05383801460266113,
      0.06143331527709961,
      0.05735921859741211,
      0.16893982887268066,
      0.06393265724182129,
      0.05640244483947754,
      0.06023859977722168,
      0.05202150344848633,
      0.044420480728149414,
      0.04543805122375488,
      0.05716228485107422,
      0.06557345390319824,
      0.03146648406982422,
      0.03916668891906738,
      0.036194801330566406,
      0.05702042579650879,
      0.04095816612243652,
      0.04899144172668457,
      0.04891538619995117,
      0.044060468673706055
    ],
    "search_latency": [
      0.0332036018371582,
      0.035240888595581055,
      0.04694867134094238,
      0.04903817176818848,
      0.0494382381439209,
      0.04954051971435547,
      0.05176711082458496,
      0.0521702766418457,
      0.05357241630554199,
      0.05919146537780762,
      0.060582637786865234,
      0.06126594543457031,
      0.06156778335571289,
      0.06191062927246094,
      0.06234550476074219,
      0.062400102615356445,
      0.0643606185913086,
      0.06616950035095215,
      0.06675434112548828,
      0.06732463836669922,
      0.06936979293823242,
      0.07130289077758789,
      0.07137298583984375,
      0.07211136817932129,
      0.07352900505065918,
      0.07389211654663086,
      0.07411718368530273,
      0.07487773895263672,
      0.07520103454589844,
      0.07565689086914062,
      0.07685470581054688,
      0.07757711410522461,
      0.08001971244812012,
      0.08116316795349121,
      0.0817265510559082,
      0.08222103118896484,
      0.08228206634521484,
      0.08243870735168457,
      0.0845174789428711,
      0.0865178108215332,
      0.08704948425292969,
      0.08794188499450684,
      0.08854866027832031,
      0.08937358856201172,
      0.09262228012084961,
      0.09539055824279785,
      3.3272032737731934,
      3.3404247760772705,
      3.3460581302642822,
      3.3760128021240234
    ],
    "metrics": {
      "storage_loads": [
        20,
        20,
        21,
        1,
        0,
        0,
        1,
        0,
        0,
        0
      ],
      "load_variance": 94.0111111111111,
      "gini_coefficient": 0.6873015873015873,
      "total_files": 128,
      "throughput": 3.0134699961472915
    }
  }
}